LOJA;APELIDO;ENDEREÇO;BAIRRO;CEP;CELULAR
AL 02;Assaí Jaguaré;Av. Corifeu De Azevedo Marques, 4161 Lj 07;Vila Lajeada;05340-002;(+55) 11 98335-5881
AL 03;Portal;Av. Prof. José Horácio Meirelles Teixeira, 1040 Lj 02;Vila Suzana;05630-130;(+55) 11 98550-8017
AL 04;Metrô Butantã;Rua Pirajussara, 530 Loja 08;Butantã;05501-020;(+55) 11 98579-2433
AL 05;João Cachoeira;Rua João Cachoeira, 506;Itaim-Bibi;04535-001;(+55) 11 98542-4120
AL 06;Shop. Taboão;Rod. Regis Bittencourt, 1835 Km 271,5 Lj 187/188;Cid. Intercap;06768-200;(+55) 11 98673-4176
AL 07;Cupecê;Av. Cupece, 3050;Jd. Prudência;04366-000;(+55) 11 98593-9628
AL 08;Kaçula;Rua José Milani, 244 - Lj 08-09;Jd. Irapuá;06766-420;(+55) 11 98510-5338
AL 09;Shop. Butantã;Av. Prof. Francisco Morato, 2718 Lj 84;Butantã;05512-300;(+55) 11 98576-9305
AL 10;Shop. Taboão II;Rod. Regis Bittencourt, 1835 Km 271,5 Q1;Cid. Intercap;06768-200;(+55) 11 98684-7710
AL 11;Pirajussara;Est. Kizaemon Takeuti, 2816;Jardim Mituzi;06775-003;(+55) 11 98520-5919
AL 12;D'Avó;Est. Kizaemon Takeuti, 1300 Box 5;Jd. Clementino;06775-000;(+55) 11 98480-6639
AL 13;Shop. V. Olimpia;Rua Olimpiadas, 360 Loja 333;Vl. Olímpia;04551-000;(+55) 11 98905-6770
AL 14;Atacadão;Rua do Tesouro, 680 -LOJA 06;Pq. Santos Dumont;06754-180;(+55) 11 91064-9845
AL 15;Assaí Taboão;Rua João Batista De Oliveira, 47 Loja 08;CENTRO;06763-450;(+55) 11 98684-7693
AL 16;Yervant;Av. Yervant Kissajikian, 1.727;Americanópolis;04428-010;(+55) 11 98684-3386
AL 17;Rod Raf;Rua Paulo Ayres, 470, Lj 05;Pq. Pinheiros;06767-220;(+55) 11 98335-5867
AL 18;TQT;Est. Kizaemon Takeuti, 3261;Pirajussara;06775-000;(+55) 11 98460-8853
AL 19;Jd. Miriam;Avenida Cupecê 5616 - Letra A;Cidade Ademar;04366-001;(+55) 11 98612-3888
AL 20;Metrô SP/ Morumbi;Av. Dep. Jacob Salvador Zueibil, 56;Butantã;05512-390;(+55) 11 98331-9934
ER;Espaço Revendedor;Est. Do Campo Limpo, 4805 Lj 35,36 E 37;Campo Limpo;05787-000;(+55) 11 98232-8310
HUB;HUB;Av. João Paulo I, 1776 - GALPÃO B2;Embu das Artes;06817-000;(+55) 11 98232-8310
QDB TS;QDB Taboão;Rod. Regis Bittencourt, 1835 Km 271,5 Lj 142 Piso 1;Cid. Intercap;06768-200;(+55) 11 97669-8823
QDB BT;QDB Butantã;Av. Dep. Jacob Salvador Zueibil, S/N Loja 81;Butantã;05512-300;(+55) 11 99235-6673
QDB VO;QDB V. Olimpia;Rua Olimpiadas, 360 Loja 332;Vila Olimpia;04551-000;(+55) 11 99466-5918
